region,pais,entities,questions
Europe,España,5009,15027
Europe,Francia,3771,11310
Europe,Italia,1771,5312
Europe,Reino Unido,1760,5280
Europe,Alemania,1172,3514
Europe,Rusia,766,2298
Europe,Grecia,596,1788
Europe,Portugal,413,1239
Europe,Croacia,383,1149
Europe,Suiza,287,861
Europe,Polonia,245,735
Europe,Noruega,218,654
Europe,Suecia,179,537
Europe,Ucrania,166,498
Europe,Finlandia,144,432
Europe,Hungría,139,416
Europe,Dinamarca,131,393
Europe,Serbia,109,327
Europe,Eslovaquia,74,222
Europe,Islandia,45,135
Europe,Austria,9,27
Europe,Irlanda,8,24
Europe,Bélgica,2,6
Europe,Rumania,2,6
Europe,Bulgaria,1,3
Europe,República Checa,1,3
LATAM,Chile,4172,12546
LATAM,México,3352,10081
LATAM,Argentina,3289,9908
LATAM,Bolivia,3273,9858
LATAM,Colombia,3088,9301
LATAM,Costa Rica,3030,9113
LATAM,Cuba,2629,7898
LATAM,Venezuela,2377,7146
LATAM,Perú,2110,6358
LATAM,Ecuador,1786,5381
LATAM,Paraguay,1371,4130
LATAM,Uruguay,1056,3192
LATAM,Guatemala,924,2791
LATAM,Panamá,621,1881
LATAM,El Salvador,597,1807
LATAM,República Dominicana,494,1490
LATAM,Nicaragua,329,993
LATAM,Honduras,320,973
USA,Estados Unidos,8589,25755
USA,California,1065,3202
USA,Illinois,786,2358
USA,Los Ángeles,711,2134
USA,Texas,600,1804
USA,Nueva York,549,1648
USA,Florida,437,1312
USA,Chicago,418,1254
USA,Nueva Jersey,339,1021
USA,Filadelfia,257,771
USA,Las Vegas,242,726
USA,Arizona,187,561
USA,Luisiana,172,516
USA,Seattle,163,489
USA,Colorado,145,435
USA,Atlanta,137,411
USA,Houston,126,378
USA,Washington D. C.,119,357
USA,Miami,97,291
USA,San Francisco,95,285
USA,Boston,78,234
USA,Dallas,73,219
