bin,region,mean,sem,size,similarity
0,Europe,32.323408688880235,0.09333082599474955,89885,Lexical F1
0,LATAM,34.63693836974542,0.067735350461193,180495,Lexical F1
0,USA,33.952450828393836,0.10619468947875754,74731,Lexical F1
1,Europe,50.74922809342388,0.3451238163643815,6037,Lexical F1
1,LATAM,50.74118476727786,0.20968829100545747,15598,Lexical F1
1,USA,50.68546845124283,0.40085676204589893,4707,Lexical F1
2,Europe,52.407986386797866,0.18179853258990328,23678,Lexical F1
2,LATAM,52.19504164700933,0.12478966471550625,49086,Lexical F1
2,USA,53.26271887386934,0.20836924807553317,18308,Lexical F1
3,Europe,57.97461321682814,0.1754450728021148,25701,Lexical F1
3,LATAM,57.705693312717564,0.12184534972924901,52628,Lexical F1
3,USA,57.68035178498816,0.2005903330208514,20264,Lexical F1
4,Europe,61.49235298055592,0.17819562771781403,23277,Lexical F1
4,LATAM,60.75820147824192,0.1242703723380318,48405,Lexical F1
4,USA,60.99867079986638,0.19361944067504522,20208,Lexical F1
5,Europe,64.98599591808735,0.2181561003596067,14629,Lexical F1
5,LATAM,63.27171253802397,0.1577708177474047,28937,Lexical F1
5,USA,66.92261590112398,0.21841171903406492,14680,Lexical F1
6,Europe,72.51121721241215,0.2924072169181477,5833,Lexical F1
6,LATAM,70.07595381402407,0.20849041594667414,11630,Lexical F1
6,USA,72.89048007007047,0.27972626766558356,6669,Lexical F1
7,Europe,74.43867194210056,0.23174115430022232,7817,Lexical F1
7,LATAM,72.09842664092568,0.1693762796055548,14800,Lexical F1
7,USA,74.39626676367635,0.2194619096890859,8639,Lexical F1
8,Europe,80.76908157444382,0.27513043029696405,3506,Lexical F1
8,LATAM,78.69895139668364,0.2258088358629377,6483,Lexical F1
8,USA,80.54321080739868,0.26286314665578414,4244,Lexical F1
9,Europe,84.77541589648798,0.4385848354684475,1082,Lexical F1
9,LATAM,83.9929846938616,0.35492805799560057,1792,Lexical F1
9,USA,86.95409871244635,0.33666164265084364,1398,Lexical F1
10,Europe,93.05735235632682,0.15592322999193042,7160,Lexical F1
10,LATAM,92.68913400209145,0.1330856067287418,9228,Lexical F1
10,USA,93.42343088526694,0.12471419168021156,10602,Lexical F1
0,Europe,26.77646107226107,0.18718868555061038,21450,Embedding similarity
0,LATAM,32.90400687222842,0.15826010835176713,38561,Embedding similarity
0,USA,27.68642105901052,0.1872814418207286,21203,Embedding similarity
1,Europe,31.971617932006342,0.18557101982727714,22708,Embedding similarity
1,LATAM,36.91331883297082,0.15309482839164296,39999,Embedding similarity
1,USA,35.74254537597234,0.2187986278710667,18512,Embedding similarity
2,Europe,37.70919462785788,0.1942870595016969,22263,Embedding similarity
2,LATAM,39.01435654677663,0.14594923503329119,40982,Embedding similarity
2,USA,40.00537461925625,0.2222879176316847,17963,Embedding similarity
3,Europe,42.213123193940945,0.19896347752898463,21505,Embedding similarity
3,LATAM,41.69096926713172,0.14058486653932947,43005,Embedding similarity
3,USA,45.35655719755747,0.23606404246338314,16704,Embedding similarity
4,Europe,46.52727882845135,0.20569853659483808,20463,Embedding similarity
4,LATAM,45.30774733100153,0.13961063986472846,43843,Embedding similarity
4,USA,48.843910743849065,0.2305450557454705,16908,Embedding similarity
5,Europe,51.34700289190267,0.20576741018015757,20056,Embedding similarity
5,LATAM,48.99454534930332,0.13702081305429117,44425,Embedding similarity
5,USA,52.87189360562993,0.23310812871834083,16732,Embedding similarity
6,Europe,56.243269555710164,0.20111314632527796,20122,Embedding similarity
6,LATAM,53.17929997441719,0.13507310547213933,44483,Embedding similarity
6,USA,57.463780480462404,0.22634877041558524,16609,Embedding similarity
7,Europe,61.07685712851335,0.19273748084358128,19924,Embedding similarity
7,LATAM,57.44393694061299,0.13090877768265474,44242,Embedding similarity
7,USA,62.48620159390508,0.2115799917822013,17047,Embedding similarity
8,Europe,67.51918559237569,0.17862838164361677,19687,Embedding similarity
8,LATAM,64.37145739342257,0.12359816975955108,43254,Embedding similarity
8,USA,68.06348553116072,0.1864218744426252,18273,Embedding similarity
9,Europe,81.42682933721056,0.14547392485832197,20427,Embedding similarity
9,LATAM,77.73286416332397,0.11777579145565403,36288,Embedding similarity
9,USA,82.40368312245806,0.13259416854627493,24499,Embedding similarity
