region,category,representative,representative_wrong_category,associated_only,wrong_country,unclear,representative_any,judgments
Europe,dish,0.8,0.0,0.13333333333333333,0.0,0.06666666666666667,0.8,30.0
Europe,fauna,0.13333333333333333,0.0,0.8666666666666667,0.0,0.0,0.13333333333333333,30.0
Europe,flora,0.6,0.0,0.4,0.0,0.0,0.6,30.0
Europe,geography,0.7333333333333333,0.0,0.23333333333333334,0.0,0.03333333333333333,0.7333333333333333,30.0
Europe,object,0.7666666666666667,0.0,0.13333333333333333,0.0,0.1,0.7666666666666667,30.0
Europe,public_figure,1.0,0.0,0.0,0.0,0.0,1.0,30.0
Europe,tradition,0.8666666666666667,0.0,0.03333333333333333,0.0,0.1,0.8666666666666667,30.0
LATAM,dish,0.7,0.0,0.2,0.0,0.1,0.7,30.0
LATAM,fauna,0.43333333333333335,0.0,0.5666666666666667,0.0,0.0,0.43333333333333335,30.0
LATAM,flora,0.4,0.0,0.6,0.0,0.0,0.4,30.0
LATAM,geography,0.7333333333333333,0.0,0.2,0.0,0.06666666666666667,0.7333333333333333,30.0
LATAM,object,0.5666666666666667,0.0,0.16666666666666666,0.03333333333333333,0.23333333333333334,0.5666666666666667,30.0
LATAM,public_figure,0.8333333333333334,0.0,0.03333333333333333,0.0,0.13333333333333333,0.8333333333333334,30.0
LATAM,tradition,0.8333333333333334,0.0,0.06666666666666667,0.0,0.1,0.8333333333333334,30.0
USA,dish,0.7333333333333333,0.0,0.1,0.0,0.16666666666666666,0.7333333333333333,30.0
USA,fauna,0.23333333333333334,0.0,0.7666666666666667,0.0,0.0,0.23333333333333334,30.0
USA,flora,0.23333333333333334,0.0,0.7333333333333333,0.0,0.03333333333333333,0.23333333333333334,30.0
USA,geography,0.9,0.0,0.1,0.0,0.0,0.9,30.0
USA,object,0.6,0.0,0.06666666666666667,0.0,0.3333333333333333,0.6,30.0
USA,public_figure,0.9666666666666667,0.0,0.03333333333333333,0.0,0.0,0.9666666666666667,30.0
USA,tradition,1.0,0.0,0.0,0.0,0.0,1.0,30.0
