item_id,region,category,representative,majority_representative
0,LATAM,geography,1.0,True
1,LATAM,geography,1.0,True
2,USA,geography,1.0,True
3,USA,geography,1.0,True
4,LATAM,geography,1.0,True
5,USA,fauna,0.3333333333333333,False
6,Europe,object,0.6666666666666666,True
7,USA,object,0.0,False
8,LATAM,public_figure,1.0,True
9,Europe,fauna,0.3333333333333333,False
10,LATAM,dish,0.6666666666666666,True
11,USA,fauna,0.0,False
12,Europe,flora,1.0,True
13,Europe,tradition,1.0,True
14,USA,tradition,1.0,True
15,Europe,fauna,0.0,False
16,LATAM,tradition,1.0,True
17,Europe,dish,1.0,True
18,Europe,flora,1.0,True
19,Europe,tradition,1.0,True
20,Europe,public_figure,1.0,True
21,Europe,dish,0.6666666666666666,True
22,LATAM,geography,0.6666666666666666,True
23,Europe,object,0.6666666666666666,True
24,Europe,flora,0.6666666666666666,True
25,USA,dish,1.0,True
26,USA,geography,0.3333333333333333,False
27,USA,object,1.0,True
28,USA,object,0.6666666666666666,True
29,Europe,object,1.0,True
30,USA,geography,1.0,True
31,LATAM,flora,0.3333333333333333,False
32,Europe,object,1.0,True
33,LATAM,flora,0.3333333333333333,False
34,USA,public_figure,1.0,True
35,Europe,object,0.3333333333333333,False
36,Europe,fauna,0.6666666666666666,True
37,USA,object,1.0,True
38,LATAM,fauna,0.0,False
39,USA,dish,0.6666666666666666,True
40,LATAM,public_figure,1.0,True
41,Europe,fauna,0.0,False
42,LATAM,public_figure,0.3333333333333333,False
43,LATAM,fauna,0.3333333333333333,False
44,Europe,public_figure,1.0,True
45,USA,fauna,1.0,True
46,USA,geography,1.0,True
47,Europe,geography,1.0,True
48,Europe,dish,0.6666666666666666,True
49,LATAM,dish,0.0,False
50,LATAM,tradition,1.0,True
51,Europe,tradition,1.0,True
52,Europe,dish,0.3333333333333333,False
53,Europe,public_figure,1.0,True
54,LATAM,fauna,0.3333333333333333,False
55,LATAM,tradition,0.3333333333333333,False
56,LATAM,tradition,1.0,True
57,LATAM,dish,1.0,True
58,USA,dish,1.0,True
59,USA,fauna,0.6666666666666666,True
60,Europe,geography,1.0,True
61,USA,flora,0.0,False
62,Europe,public_figure,1.0,True
63,Europe,geography,1.0,True
64,LATAM,object,0.3333333333333333,False
65,Europe,fauna,0.0,False
66,Europe,geography,0.6666666666666666,True
67,Europe,fauna,0.0,False
68,LATAM,tradition,1.0,True
69,USA,geography,1.0,True
70,LATAM,public_figure,1.0,True
71,LATAM,fauna,0.0,False
72,LATAM,public_figure,1.0,True
73,USA,dish,0.6666666666666666,True
74,Europe,tradition,1.0,True
75,LATAM,public_figure,1.0,True
76,USA,public_figure,1.0,True
77,Europe,dish,1.0,True
78,LATAM,fauna,0.6666666666666666,True
79,Europe,flora,0.3333333333333333,False
80,Europe,fauna,0.0,False
81,USA,dish,1.0,True
82,USA,object,0.3333333333333333,False
83,Europe,flora,0.6666666666666666,True
84,USA,object,1.0,True
85,Europe,flora,0.3333333333333333,False
86,Europe,object,0.6666666666666666,True
87,LATAM,dish,1.0,True
88,USA,dish,0.0,False
89,USA,fauna,0.0,False
90,Europe,dish,1.0,True
91,USA,flora,0.0,False
92,LATAM,public_figure,0.6666666666666666,True
93,USA,tradition,1.0,True
94,Europe,dish,1.0,True
95,LATAM,dish,1.0,True
96,Europe,flora,0.6666666666666666,True
97,USA,geography,0.6666666666666666,True
98,LATAM,flora,0.0,False
99,USA,flora,0.0,False
100,LATAM,dish,1.0,True
101,LATAM,public_figure,0.6666666666666666,True
102,Europe,fauna,0.0,False
103,LATAM,fauna,0.6666666666666666,True
104,USA,dish,1.0,True
105,USA,tradition,1.0,True
106,USA,public_figure,1.0,True
107,USA,tradition,1.0,True
108,LATAM,flora,0.3333333333333333,False
109,Europe,flora,0.0,False
110,Europe,object,0.6666666666666666,True
111,LATAM,geography,0.6666666666666666,True
112,LATAM,flora,1.0,True
113,LATAM,object,0.0,False
114,USA,geography,1.0,True
115,LATAM,flora,0.3333333333333333,False
116,Europe,public_figure,1.0,True
117,USA,public_figure,1.0,True
118,Europe,flora,0.3333333333333333,False
119,USA,public_figure,1.0,True
120,LATAM,fauna,1.0,True
121,Europe,public_figure,1.0,True
122,LATAM,geography,0.3333333333333333,False
123,LATAM,fauna,0.0,False
124,LATAM,geography,1.0,True
125,Europe,tradition,0.0,False
126,LATAM,tradition,1.0,True
127,USA,public_figure,1.0,True
128,Europe,fauna,0.0,False
129,LATAM,geography,1.0,True
130,Europe,dish,0.6666666666666666,True
131,LATAM,flora,1.0,True
132,LATAM,object,1.0,True
133,USA,flora,0.0,False
134,USA,public_figure,1.0,True
135,USA,fauna,0.0,False
136,USA,flora,0.0,False
137,Europe,object,1.0,True
138,LATAM,tradition,1.0,True
139,Europe,tradition,1.0,True
140,LATAM,public_figure,0.6666666666666666,True
141,USA,public_figure,1.0,True
142,LATAM,geography,0.0,False
143,LATAM,dish,0.0,False
144,USA,flora,1.0,True
145,LATAM,object,0.6666666666666666,True
146,LATAM,flora,0.3333333333333333,False
147,Europe,tradition,1.0,True
148,USA,object,1.0,True
149,LATAM,tradition,0.6666666666666666,True
150,USA,fauna,0.0,False
151,Europe,public_figure,1.0,True
152,USA,public_figure,0.6666666666666666,True
153,Europe,object,0.6666666666666666,True
154,LATAM,tradition,0.3333333333333333,False
155,LATAM,object,0.0,False
156,LATAM,object,0.6666666666666666,True
157,Europe,geography,1.0,True
158,USA,fauna,0.0,False
159,USA,dish,1.0,True
160,LATAM,object,1.0,True
161,USA,object,1.0,True
162,USA,flora,0.6666666666666666,True
163,USA,fauna,0.0,False
164,LATAM,fauna,1.0,True
165,Europe,geography,0.6666666666666666,True
166,LATAM,fauna,0.3333333333333333,False
167,USA,flora,0.3333333333333333,False
168,USA,object,0.0,False
169,LATAM,flora,0.0,False
170,LATAM,geography,0.6666666666666666,True
171,USA,dish,1.0,True
172,USA,dish,0.0,False
173,LATAM,public_figure,1.0,True
174,USA,tradition,1.0,True
175,LATAM,flora,0.3333333333333333,False
176,Europe,tradition,1.0,True
177,Europe,geography,0.0,False
178,LATAM,object,0.3333333333333333,False
179,LATAM,object,1.0,True
180,Europe,tradition,1.0,True
181,Europe,flora,1.0,True
182,USA,tradition,1.0,True
183,LATAM,dish,1.0,True
184,Europe,dish,1.0,True
185,USA,fauna,0.3333333333333333,False
186,USA,tradition,1.0,True
187,Europe,geography,0.3333333333333333,False
188,LATAM,object,0.6666666666666666,True
189,Europe,dish,0.6666666666666666,True
190,LATAM,dish,1.0,True
191,USA,public_figure,1.0,True
192,Europe,public_figure,1.0,True
193,LATAM,tradition,1.0,True
194,Europe,fauna,0.3333333333333333,False
195,Europe,geography,0.6666666666666666,True
196,USA,tradition,1.0,True
197,USA,object,0.0,False
198,USA,flora,0.0,False
199,Europe,public_figure,1.0,True
200,Europe,geography,1.0,True
201,USA,geography,1.0,True
202,Europe,public_figure,1.0,True
203,USA,flora,0.3333333333333333,False
204,Europe,object,1.0,True
205,USA,tradition,1.0,True
206,USA,tradition,1.0,True
207,USA,geography,1.0,True
208,LATAM,dish,0.3333333333333333,False
209,Europe,tradition,0.6666666666666666,True
