relation,count,share
is_a,1872,0.15280385274671454
located_in,984,0.08031997387968329
made_with,376,0.030691372132887113
belongs_to_family,310,0.025304056811688843
distributed_in,175,0.014284548200146926
born_in,140,0.011427638560117541
described_by,132,0.010774630642396539
full_name,97,0.007917721002367154
founded_in,82,0.006693331156640274
family,81,0.006611705166925149
endemic_to,66,0.0053873153211982695
has_characteristic,65,0.0053056893314831445
used_for,65,0.0053056893314831445
described_in_year,65,0.0053056893314831445
published_in,64,0.0052240633417680185
belongs_to,64,0.0052240633417680185
native_to,63,0.0051424373520528935
part_of,56,0.004571055424047016
order,55,0.004489429434331891
founded,47,0.003836421516610889
born_on,44,0.003591543547465513
associated_with,42,0.0034282915680352625
celebrated_in,42,0.0034282915680352625
used_in,42,0.0034282915680352625
founded_by,41,0.003346665578320137
