item_id,annotator,label
0,R1,representative
0,R2,representative
0,R3,representative
1,R1,representative
1,R2,representative
1,R3,representative
2,R1,representative
2,R2,representative
2,R3,representative
3,R1,representative
3,R2,representative
3,R3,representative
4,R1,representative
4,R2,representative
4,R3,representative
5,R1,associated_only
5,R2,representative
5,R3,associated_only
6,R1,associated_only
6,R2,representative
6,R3,representative
7,R1,unclear
7,R2,unclear
7,R3,unclear
8,R1,representative
8,R2,representative
8,R3,representative
9,R1,associated_only
9,R2,associated_only
9,R3,representative
10,R1,representative
10,R2,representative
10,R3,associated_only
11,R1,associated_only
11,R2,associated_only
11,R3,associated_only
12,R1,representative
12,R2,representative
12,R3,representative
13,R1,representative
13,R2,representative
13,R3,representative
14,R1,representative
14,R2,representative
14,R3,representative
15,R1,associated_only
15,R2,associated_only
15,R3,associated_only
16,R1,representative
16,R2,representative
16,R3,representative
17,R1,representative
17,R2,representative
17,R3,representative
18,R1,representative
18,R2,representative
18,R3,representative
19,R1,representative
19,R2,representative
19,R3,representative
20,R1,representative
20,R2,representative
20,R3,representative
21,R1,representative
21,R2,representative
21,R3,associated_only
22,R1,representative
22,R2,representative
22,R3,associated_only
23,R1,representative
23,R2,representative
23,R3,associated_only
24,R1,representative
24,R2,representative
24,R3,associated_only
25,R1,representative
25,R2,representative
25,R3,representative
26,R1,associated_only
26,R2,representative
26,R3,associated_only
27,R1,representative
27,R2,representative
27,R3,representative
28,R1,representative
28,R2,representative
28,R3,associated_only
29,R1,representative
29,R2,representative
29,R3,representative
30,R1,representative
30,R2,representative
30,R3,representative
31,R1,representative
31,R2,associated_only
31,R3,associated_only
32,R1,representative
32,R2,representative
32,R3,representative
33,R1,associated_only
33,R2,associated_only
33,R3,representative
34,R1,representative
34,R2,representative
34,R3,representative
35,R1,representative
35,R2,unclear
35,R3,unclear
36,R1,representative
36,R2,representative
36,R3,associated_only
37,R1,representative
37,R2,representative
37,R3,representative
38,R1,associated_only
38,R2,associated_only
38,R3,associated_only
39,R1,representative
39,R2,representative
39,R3,associated_only
40,R1,representative
40,R2,representative
40,R3,representative
41,R1,associated_only
41,R2,associated_only
41,R3,associated_only
42,R1,representative
42,R2,unclear
42,R3,unclear
43,R1,associated_only
43,R2,associated_only
43,R3,representative
44,R1,representative
44,R2,representative
44,R3,representative
45,R1,representative
45,R2,representative
45,R3,representative
46,R1,representative
46,R2,representative
46,R3,representative
47,R1,representative
47,R2,representative
47,R3,representative
48,R1,representative
48,R2,representative
48,R3,associated_only
49,R1,associated_only
49,R2,associated_only
49,R3,associated_only
50,R1,representative
50,R2,representative
50,R3,representative
51,R1,representative
51,R2,representative
51,R3,representative
52,R1,associated_only
52,R2,associated_only
52,R3,representative
53,R1,representative
53,R2,representative
53,R3,representative
54,R1,associated_only
54,R2,representative
54,R3,associated_only
55,R1,unclear
55,R2,representative
55,R3,associated_only
56,R1,representative
56,R2,representative
56,R3,representative
57,R1,representative
57,R2,representative
57,R3,representative
58,R1,representative
58,R2,representative
58,R3,representative
59,R1,representative
59,R2,representative
59,R3,associated_only
60,R1,representative
60,R2,representative
60,R3,representative
61,R1,associated_only
61,R2,associated_only
61,R3,associated_only
62,R1,representative
62,R2,representative
62,R3,representative
63,R1,representative
63,R2,representative
63,R3,representative
64,R1,unclear
64,R2,unclear
64,R3,representative
65,R1,associated_only
65,R2,associated_only
65,R3,associated_only
66,R1,associated_only
66,R2,representative
66,R3,representative
67,R1,associated_only
67,R2,associated_only
67,R3,associated_only
68,R1,representative
68,R2,representative
68,R3,representative
69,R1,representative
69,R2,representative
69,R3,representative
70,R1,representative
70,R2,representative
70,R3,representative
71,R1,associated_only
71,R2,associated_only
71,R3,associated_only
72,R1,representative
72,R2,representative
72,R3,representative
73,R1,representative
73,R2,representative
73,R3,associated_only
74,R1,representative
74,R2,representative
74,R3,representative
75,R1,representative
75,R2,representative
75,R3,representative
76,R1,representative
76,R2,representative
76,R3,representative
77,R1,representative
77,R2,representative
77,R3,representative
78,R1,representative
78,R2,representative
78,R3,associated_only
79,R1,associated_only
79,R2,associated_only
79,R3,representative
80,R1,associated_only
80,R2,associated_only
80,R3,associated_only
81,R1,representative
81,R2,representative
81,R3,representative
82,R1,representative
82,R2,unclear
82,R3,unclear
83,R1,associated_only
83,R2,representative
83,R3,representative
84,R1,representative
84,R2,representative
84,R3,representative
85,R1,associated_only
85,R2,associated_only
85,R3,representative
86,R1,associated_only
86,R2,representative
86,R3,representative
87,R1,representative
87,R2,representative
87,R3,representative
88,R1,unclear
88,R2,unclear
88,R3,unclear
89,R1,associated_only
89,R2,associated_only
89,R3,associated_only
90,R1,representative
90,R2,representative
90,R3,representative
91,R1,associated_only
91,R2,associated_only
91,R3,associated_only
92,R1,representative
92,R2,representative
92,R3,associated_only
93,R1,representative
93,R2,representative
93,R3,representative
94,R1,representative
94,R2,representative
94,R3,representative
95,R1,representative
95,R2,representative
95,R3,representative
96,R1,associated_only
96,R2,representative
96,R3,representative
97,R1,representative
97,R2,representative
97,R3,associated_only
98,R1,associated_only
98,R2,associated_only
98,R3,associated_only
99,R1,associated_only
99,R2,associated_only
99,R3,associated_only
100,R1,representative
100,R2,representative
100,R3,representative
101,R1,unclear
101,R2,representative
101,R3,representative
102,R1,associated_only
102,R2,associated_only
102,R3,associated_only
103,R1,representative
103,R2,associated_only
103,R3,representative
104,R1,representative
104,R2,representative
104,R3,representative
105,R1,representative
105,R2,representative
105,R3,representative
106,R1,representative
106,R2,representative
106,R3,representative
107,R1,representative
107,R2,representative
107,R3,representative
108,R1,associated_only
108,R2,representative
108,R3,associated_only
109,R1,associated_only
109,R2,associated_only
109,R3,associated_only
110,R1,associated_only
110,R2,representative
110,R3,representative
111,R1,associated_only
111,R2,representative
111,R3,representative
112,R1,representative
112,R2,representative
112,R3,representative
113,R1,associated_only
113,R2,associated_only
113,R3,associated_only
114,R1,representative
114,R2,representative
114,R3,representative
115,R1,associated_only
115,R2,associated_only
115,R3,representative
116,R1,representative
116,R2,representative
116,R3,representative
117,R1,representative
117,R2,representative
117,R3,representative
118,R1,representative
118,R2,associated_only
118,R3,associated_only
119,R1,representative
119,R2,representative
119,R3,representative
120,R1,representative
120,R2,representative
120,R3,representative
121,R1,representative
121,R2,representative
121,R3,representative
122,R1,representative
122,R2,unclear
122,R3,unclear
123,R1,associated_only
123,R2,associated_only
123,R3,associated_only
124,R1,representative
124,R2,representative
124,R3,representative
125,R1,unclear
125,R2,unclear
125,R3,unclear
126,R1,representative
126,R2,representative
126,R3,representative
127,R1,representative
127,R2,representative
127,R3,representative
128,R1,associated_only
128,R2,associated_only
128,R3,associated_only
129,R1,representative
129,R2,representative
129,R3,representative
130,R1,representative
130,R2,representative
130,R3,unclear
131,R1,representative
131,R2,representative
131,R3,representative
132,R1,representative
132,R2,representative
132,R3,representative
133,R1,associated_only
133,R2,associated_only
133,R3,associated_only
134,R1,representative
134,R2,representative
134,R3,representative
135,R1,associated_only
135,R2,associated_only
135,R3,associated_only
136,R1,associated_only
136,R2,associated_only
136,R3,associated_only
137,R1,representative
137,R2,representative
137,R3,representative
138,R1,representative
138,R2,representative
138,R3,representative
139,R1,representative
139,R2,representative
139,R3,representative
140,R1,representative
140,R2,unclear
140,R3,representative
141,R1,representative
141,R2,representative
141,R3,representative
142,R1,associated_only
142,R2,associated_only
142,R3,associated_only
143,R1,unclear
143,R2,unclear
143,R3,unclear
144,R1,representative
144,R2,representative
144,R3,representative
145,R1,wrong_country
145,R2,representative
145,R3,representative
146,R1,representative
146,R2,associated_only
146,R3,associated_only
147,R1,representative
147,R2,representative
147,R3,representative
148,R1,representative
148,R2,representative
148,R3,representative
149,R1,associated_only
149,R2,representative
149,R3,representative
150,R1,associated_only
150,R2,associated_only
150,R3,associated_only
151,R1,representative
151,R2,representative
151,R3,representative
152,R1,associated_only
152,R2,representative
152,R3,representative
153,R1,representative
153,R2,representative
153,R3,unclear
154,R1,representative
154,R2,unclear
154,R3,unclear
155,R1,unclear
155,R2,unclear
155,R3,unclear
156,R1,representative
156,R2,representative
156,R3,associated_only
157,R1,representative
157,R2,representative
157,R3,representative
158,R1,associated_only
158,R2,associated_only
158,R3,associated_only
159,R1,representative
159,R2,representative
159,R3,representative
160,R1,representative
160,R2,representative
160,R3,representative
161,R1,representative
161,R2,representative
161,R3,representative
162,R1,representative
162,R2,unclear
162,R3,representative
163,R1,associated_only
163,R2,associated_only
163,R3,associated_only
164,R1,representative
164,R2,representative
164,R3,representative
165,R1,associated_only
165,R2,representative
165,R3,representative
166,R1,associated_only
166,R2,representative
166,R3,associated_only
167,R1,associated_only
167,R2,associated_only
167,R3,representative
168,R1,associated_only
168,R2,unclear
168,R3,unclear
169,R1,associated_only
169,R2,associated_only
169,R3,associated_only
170,R1,associated_only
170,R2,representative
170,R3,representative
171,R1,representative
171,R2,representative
171,R3,representative
172,R1,unclear
172,R2,unclear
172,R3,associated_only
173,R1,representative
173,R2,representative
173,R3,representative
174,R1,representative
174,R2,representative
174,R3,representative
175,R1,associated_only
175,R2,associated_only
175,R3,representative
176,R1,representative
176,R2,representative
176,R3,representative
177,R1,unclear
177,R2,associated_only
177,R3,associated_only
178,R1,representative
178,R2,unclear
178,R3,unclear
179,R1,representative
179,R2,representative
179,R3,representative
180,R1,representative
180,R2,representative
180,R3,representative
181,R1,representative
181,R2,representative
181,R3,representative
182,R1,representative
182,R2,representative
182,R3,representative
183,R1,representative
183,R2,representative
183,R3,representative
184,R1,representative
184,R2,representative
184,R3,representative
185,R1,associated_only
185,R2,associated_only
185,R3,representative
186,R1,representative
186,R2,representative
186,R3,representative
187,R1,associated_only
187,R2,representative
187,R3,associated_only
188,R1,representative
188,R2,associated_only
188,R3,representative
189,R1,representative
189,R2,representative
189,R3,unclear
190,R1,representative
190,R2,representative
190,R3,representative
191,R1,representative
191,R2,representative
191,R3,representative
192,R1,representative
192,R2,representative
192,R3,representative
193,R1,representative
193,R2,representative
193,R3,representative
194,R1,associated_only
194,R2,representative
194,R3,associated_only
195,R1,representative
195,R2,associated_only
195,R3,representative
196,R1,representative
196,R2,representative
196,R3,representative
197,R1,unclear
197,R2,unclear
197,R3,unclear
198,R1,associated_only
198,R2,associated_only
198,R3,associated_only
199,R1,representative
199,R2,representative
199,R3,representative
200,R1,representative
200,R2,representative
200,R3,representative
201,R1,representative
201,R2,representative
201,R3,representative
202,R1,representative
202,R2,representative
202,R3,representative
203,R1,associated_only
203,R2,representative
203,R3,associated_only
204,R1,representative
204,R2,representative
204,R3,representative
205,R1,representative
205,R2,representative
205,R3,representative
206,R1,representative
206,R2,representative
206,R3,representative
207,R1,representative
207,R2,representative
207,R3,representative
208,R1,representative
208,R2,associated_only
208,R3,associated_only
209,R1,representative
209,R2,representative
209,R3,associated_only
